Ref,Val,Package,PosX,PosY,Rot,Side
"C_CAN_GW","C0402 X7R 100nF","C_0402_1005Metric",-11.500000,0.000000,90.000000,top
"J_aft_end_board_spacer_aft_end_board_activation_interface","LGA_lands","J_aft_end_board_spacer_aft_end_board_activation_interface",0.000000,0.000000,0.000000,top
"Q_FIRE_ARM","DMP6110SVT-7","SOT95P280X100-6N",7.252000,-3.377000,90.000000,top
"Q_FIRE_ARM_LS","BSS138LT1G","SOT96P237X111-3N",-3.381000,-5.352000,0.000000,top
"Q_FIRE_N0","DMN6075SQ-7","SOT96P240X110-3N",0.701000,-10.704000,0.000000,top
"Q_FIRE_N1","DMN6075SQ-7","SOT96P240X110-3N",-3.601000,-2.001000,90.000000,top
"Q_FIRE_N2","DMN6075SQ-7","SOT96P240X110-3N",0.000000,-2.101000,0.000000,top
"Q_FIRE_N3","DMN6075SQ-7","SOT96P240X110-3N",3.701000,-3.702000,0.000000,top
"Q_FIRE_N4","DMN6075SQ-7","SOT96P240X110-3N",-3.701000,-9.103000,0.000000,top
"Q_FIRE_N5","DMN6075SQ-7","SOT96P240X110-3N",-7.102000,-3.602000,90.000000,top
"Q_FIRE_N6","DMN6075SQ-7","SOT96P240X110-3N",-5.476000,5.902000,90.000000,top
"Q_FIRE_N7","DMN6075SQ-7","SOT96P240X110-3N",0.000000,-5.602000,0.000000,top
"Q_FIRE_N8","DMN6075SQ-7","SOT96P240X110-3N",8.003000,-7.303000,90.000000,top
"Q_FIRE_N9","DMN6075SQ-7","SOT96P240X110-3N",-8.977000,5.902000,90.000000,top
"Q_FIRE_N10","DMN6075SQ-7","SOT96P240X110-3N",5.576000,9.164500,0.000000,top
"Q_FIRE_N11","DMN6075SQ-7","SOT96P240X110-3N",-8.977000,2.201000,90.000000,top
"Q_FIRE_N12","DMN6075SQ-7","SOT96P240X110-3N",0.000000,7.602000,0.000000,top
"Q_FIRE_N13","DMN6075SQ-7","SOT96P240X110-3N",4.402000,-7.203000,0.000000,top
"Q_FIRE_N14","DMN6075SQ-7","SOT96P240X110-3N",-5.476000,2.201000,90.000000,top
"Q_FIRE_N15","DMN6075SQ-7","SOT96P240X110-3N",-5.376000,9.503000,0.000000,top
"R_EXT_CAN_TERM","CRCW0402 120 1% e3","R_0402_1005Metric",-5.702000,-0.951000,90.000000,top
"R_FIRE_ARM_H","CRCW0402 100k 1% e3","R_0402_1005Metric",2.201000,-6.253000,90.000000,top
"R_FIRE_ARM_L","CRCW0402 100k 1% e3","R_0402_1005Metric",2.201000,-1.151000,90.000000,top
"R_FIRE_BLEED","CRCW0402 100k 1% e3","R_0402_1005Metric",1.601000,0.000000,0.000000,top
"R_FIRE_MON1","CRCW0402 100k 1% e3","R_0402_1005Metric",0.000000,0.000000,0.000000,top
"R_FIRE_MON2","CRCW0402 11k 1% e3","R_0402_1005Metric",4.053000,-1.601000,0.000000,top
"R_JUMP_PAD","CRCW0402 10k 1% e3","R_0402_1005Metric",2.902000,-1.151000,90.000000,top
"U_CAN_GW","TCAN1042GVDQ1","SOIC127P600X175-8N",0.000000,3.101000,0.000000,top
"U_FIRE_DEC","CD74HC4514PW","SOP65P640X120-24N",7.651000,3.101000,0.000000,top
